GW27831,https://www.gewiss.com//ww/en/products/experience-catalogue/catalogs/series/product/domotics/27-combi-range-wall-mounting-enclosures-and-modular-components/GW27831
GW27832,https://www.gewiss.com//ww/en/products/experience-catalogue/catalogs/series/product/domotics/27-combi-range-wall-mounting-enclosures-and-modular-components/GW27832
GW27833,https://www.gewiss.com//ww/en/products/experience-catalogue/catalogs/series/product/domotics/27-combi-range-wall-mounting-enclosures-and-modular-components/GW27833
GW27834,https://www.gewiss.com//ww/en/products/experience-catalogue/catalogs/series/product/domotics/27-combi-range-wall-mounting-enclosures-and-modular-components/GW27834
GW26215/3,
GW26215/4,
GW26215/6,
GW26215/8,
GW26215/12,
GW20571,https://www.gewiss.com//ww/en/products/experience-catalogue/catalogs/series/product/domotics/system---domestic-range-modular-devices/GW20571
GW20572,https://www.gewiss.com//ww/en/products/experience-catalogue/catalogs/series/product/domotics/system---domestic-range-modular-devices/GW20572
GW20503,https://www.gewiss.com//ww/en/products/experience-catalogue/catalogs/series/product/domotics/system---domestic-range-modular-devices/GW20503
GW20504,https://www.gewiss.com//ww/en/products/experience-catalogue/catalogs/series/product/domotics/system---domestic-range-modular-devices/GW20504
GW20576,https://www.gewiss.com//ww/en/products/experience-catalogue/catalogs/series/product/domotics/system---domestic-range-modular-devices/GW20576
GW20577,https://www.gewiss.com//ww/en/products/experience-catalogue/catalogs/series/product/domotics/system---domestic-range-modular-devices/GW20577
GW20579,https://www.gewiss.com//ww/en/products/experience-catalogue/catalogs/series/product/domotics/system---domestic-range-modular-devices/GW20579
GW20559,
GW20528,https://www.gewiss.com//ww/en/products/experience-catalogue/catalogs/series/product/domotics/system---domestic-range-modular-devices/GW20528
GW20510,https://www.gewiss.com//ww/en/products/experience-catalogue/catalogs/series/product/domotics/system---domestic-range-modular-devices/GW20510
GW20512,https://www.gewiss.com//ww/en/products/experience-catalogue/catalogs/series/product/domotics/system---domestic-range-modular-devices/GW20512
GW20521,https://www.gewiss.com//ww/en/products/experience-catalogue/catalogs/series/product/domotics/system---domestic-range-modular-devices/GW20521
GW27843,https://www.gewiss.com//ww/en/products/experience-catalogue/catalogs/series/product/domotics/27-combi-range-wall-mounting-enclosures-and-modular-components/GW27843
GW26224,
GW26220/15,
GW27415,https://www.gewiss.com//ww/en/products/experience-catalogue/catalogs/series/product/domotics/27-combi-range-wall-mounting-enclosures-and-modular-components/GW27415
GW27416,https://www.gewiss.com//ww/en/products/experience-catalogue/catalogs/series/product/domotics/27-combi-range-wall-mounting-enclosures-and-modular-components/GW27416
GW27417,https://www.gewiss.com//ww/en/products/experience-catalogue/catalogs/series/product/domotics/27-combi-range-wall-mounting-enclosures-and-modular-components/GW27417
GW27418,https://www.gewiss.com//ww/en/products/experience-catalogue/catalogs/series/product/domotics/27-combi-range-wall-mounting-enclosures-and-modular-components/GW27418
GW27419,https://www.gewiss.com//ww/en/products/experience-catalogue/catalogs/series/product/domotics/27-combi-range-wall-mounting-enclosures-and-modular-components/GW27419
GW60001H,https://www.gewiss.com//ww/en/products/experience-catalogue/catalogs/series/product/building/iec-309-hp-range-plugs-and-socket-outlets-iec-309-standards/GW60001H
GW60004H,https://www.gewiss.com//ww/en/products/experience-catalogue/catalogs/series/product/building/iec-309-hp-range-plugs-and-socket-outlets-iec-309-standards/GW60004H
GW60008H,https://www.gewiss.com//ww/en/products/experience-catalogue/catalogs/series/product/building/iec-309-hp-range-plugs-and-socket-outlets-iec-309-standards/GW60008H
GW60009H,https://www.gewiss.com//ww/en/products/experience-catalogue/catalogs/series/product/building/iec-309-hp-range-plugs-and-socket-outlets-iec-309-standards/GW60009H
GW60012H,https://www.gewiss.com//ww/en/products/experience-catalogue/catalogs/series/product/building/iec-309-hp-range-plugs-and-socket-outlets-iec-309-standards/GW60012H
GW60015H,https://www.gewiss.com//ww/en/products/experience-catalogue/catalogs/series/product/building/iec-309-hp-range-plugs-and-socket-outlets-iec-309-standards/GW60015H
GW60019H,https://www.gewiss.com//ww/en/products/experience-catalogue/catalogs/series/product/building/iec-309-hp-range-plugs-and-socket-outlets-iec-309-standards/GW60019H
GW60020H,https://www.gewiss.com//ww/en/products/experience-catalogue/catalogs/series/product/building/iec-309-hp-range-plugs-and-socket-outlets-iec-309-standards/GW60020H
GW60064,
GW60065,https://www.gewiss.com//ww/en/products/experience-catalogue/catalogs/series/product/building/iec-309-bts-range-extra-low-voltage-plugs-and-socket-outlets-iec-309-standard/GW60065
GW60066,https://www.gewiss.com//ww/en/products/experience-catalogue/catalogs/series/product/building/iec-309-bts-range-extra-low-voltage-plugs-and-socket-outlets-iec-309-standard/GW60066
GW60067,https://www.gewiss.com//ww/en/products/experience-catalogue/catalogs/series/product/building/iec-309-bts-range-extra-low-voltage-plugs-and-socket-outlets-iec-309-standard/GW60067
GW60068,https://www.gewiss.com//ww/en/products/experience-catalogue/catalogs/series/product/building/iec-309-bts-range-extra-low-voltage-plugs-and-socket-outlets-iec-309-standard/GW60068
GW60069,https://www.gewiss.com//ww/en/products/experience-catalogue/catalogs/series/product/building/iec-309-bts-range-extra-low-voltage-plugs-and-socket-outlets-iec-309-standard/GW60069
GW60070,https://www.gewiss.com//ww/en/products/experience-catalogue/catalogs/series/product/building/iec-309-bts-range-extra-low-voltage-plugs-and-socket-outlets-iec-309-standard/GW60070
GW60071,https://www.gewiss.com//ww/en/products/experience-catalogue/catalogs/series/product/building/iec-309-bts-range-extra-low-voltage-plugs-and-socket-outlets-iec-309-standard/GW60071
GW60072,https://www.gewiss.com//ww/en/products/experience-catalogue/catalogs/series/product/building/iec-309-bts-range-extra-low-voltage-plugs-and-socket-outlets-iec-309-standard/GW60072
GW60073,https://www.gewiss.com//ww/en/products/experience-catalogue/catalogs/series/product/building/iec-309-bts-range-extra-low-voltage-plugs-and-socket-outlets-iec-309-standard/GW60073
GW60074,https://www.gewiss.com//ww/en/products/experience-catalogue/catalogs/series/product/building/iec-309-bts-range-extra-low-voltage-plugs-and-socket-outlets-iec-309-standard/GW60074
GW60075,https://www.gewiss.com//ww/en/products/experience-catalogue/catalogs/series/product/building/iec-309-bts-range-extra-low-voltage-plugs-and-socket-outlets-iec-309-standard/GW60075
GW60076,https://www.gewiss.com//ww/en/products/experience-catalogue/catalogs/series/product/building/iec-309-bts-range-extra-low-voltage-plugs-and-socket-outlets-iec-309-standard/GW60076
GW60077,https://www.gewiss.com//ww/en/products/experience-catalogue/catalogs/series/product/building/iec-309-bts-range-extra-low-voltage-plugs-and-socket-outlets-iec-309-standard/GW60077
GW60078,https://www.gewiss.com//ww/en/products/experience-catalogue/catalogs/series/product/building/iec-309-bts-range-extra-low-voltage-plugs-and-socket-outlets-iec-309-standard/GW60078
GW60079,https://www.gewiss.com//ww/en/products/experience-catalogue/catalogs/series/product/building/iec-309-bts-range-extra-low-voltage-plugs-and-socket-outlets-iec-309-standard/GW60079
GW60080,https://www.gewiss.com//ww/en/products/experience-catalogue/catalogs/series/product/building/iec-309-bts-range-extra-low-voltage-plugs-and-socket-outlets-iec-309-standard/GW60080
GW60081,https://www.gewiss.com//ww/en/products/experience-catalogue/catalogs/series/product/building/iec-309-bts-range-extra-low-voltage-plugs-and-socket-outlets-iec-309-standard/GW60081
GW60023H,https://www.gewiss.com//ww/en/products/experience-catalogue/catalogs/series/product/building/iec-309-hp-range-plugs-and-socket-outlets-iec-309-standards/GW60023H
GW60026H,https://www.gewiss.com//ww/en/products/experience-catalogue/catalogs/series/product/building/iec-309-hp-range-plugs-and-socket-outlets-iec-309-standards/GW60026H
GW60030H,https://www.gewiss.com//ww/en/products/experience-catalogue/catalogs/series/product/building/iec-309-hp-range-plugs-and-socket-outlets-iec-309-standards/GW60030H
GW60031H,https://www.gewiss.com//ww/en/products/experience-catalogue/catalogs/series/product/building/iec-309-hp-range-plugs-and-socket-outlets-iec-309-standards/GW60031H
GW60034H,https://www.gewiss.com//ww/en/products/experience-catalogue/catalogs/series/product/building/iec-309-hp-range-plugs-and-socket-outlets-iec-309-standards/GW60034H
GW60037H,https://www.gewiss.com//ww/en/products/experience-catalogue/catalogs/series/product/building/iec-309-hp-range-plugs-and-socket-outlets-iec-309-standards/GW60037H
GW60041H,https://www.gewiss.com//ww/en/products/experience-catalogue/catalogs/series/product/building/iec-309-hp-range-plugs-and-socket-outlets-iec-309-standards/GW60041H
GW60042H,https://www.gewiss.com//ww/en/products/experience-catalogue/catalogs/series/product/building/iec-309-hp-range-plugs-and-socket-outlets-iec-309-standards/GW60042H
GW61048H,https://www.gewiss.com//ww/en/products/experience-catalogue/catalogs/series/product/building/iec-309-hp-range-plugs-and-socket-outlets-iec-309-standards/GW61048H
GW61052H,https://www.gewiss.com//ww/en/products/experience-catalogue/catalogs/series/product/building/iec-309-hp-range-plugs-and-socket-outlets-iec-309-standards/GW61052H
GW61053H,
GW60060H,https://www.gewiss.com//ww/en/products/experience-catalogue/catalogs/series/product/building/iec-309-hp-range-plugs-and-socket-outlets-iec-309-standards/GW60060H
GW60061H,
GW60223,https://www.gewiss.com//ww/en/products/experience-catalogue/catalogs/series/product/building/iec-309-hp-range-plugs-and-socket-outlets-iec-309-standards/GW60223
GW60226,https://www.gewiss.com//ww/en/products/experience-catalogue/catalogs/series/product/building/iec-309-hp-range-plugs-and-socket-outlets-iec-309-standards/GW60226
GW60230,https://www.gewiss.com//ww/en/products/experience-catalogue/catalogs/series/product/building/iec-309-hp-range-plugs-and-socket-outlets-iec-309-standards/GW60230
GW60231,https://www.gewiss.com//ww/en/products/experience-catalogue/catalogs/series/product/building/iec-309-hp-range-plugs-and-socket-outlets-iec-309-standards/GW60231
GW60234,https://www.gewiss.com//ww/en/products/experience-catalogue/catalogs/series/product/building/iec-309-hp-range-plugs-and-socket-outlets-iec-309-standards/GW60234
GW60237,https://www.gewiss.com//ww/en/products/experience-catalogue/catalogs/series/product/building/iec-309-hp-range-plugs-and-socket-outlets-iec-309-standards/GW60237
GW60241,https://www.gewiss.com//ww/en/products/experience-catalogue/catalogs/series/product/building/iec-309-hp-range-plugs-and-socket-outlets-iec-309-standards/GW60241
GW60242,https://www.gewiss.com//ww/en/products/experience-catalogue/catalogs/series/product/building/iec-309-hp-range-plugs-and-socket-outlets-iec-309-standards/GW60242
GW60263,https://www.gewiss.com//ww/en/products/experience-catalogue/catalogs/series/product/building/iec-309-hp-range-plugs-and-socket-outlets-iec-309-standards/GW60263
GW60264,https://www.gewiss.com//ww/en/products/experience-catalogue/catalogs/series/product/building/iec-309-hp-range-plugs-and-socket-outlets-iec-309-standards/GW60264
GW60265,https://www.gewiss.com//ww/en/products/experience-catalogue/catalogs/series/product/building/iec-309-hp-range-plugs-and-socket-outlets-iec-309-standards/GW60265
GW60266,https://www.gewiss.com//ww/en/products/experience-catalogue/catalogs/series/product/building/iec-309-hp-range-plugs-and-socket-outlets-iec-309-standards/GW60266
GW60267,https://www.gewiss.com//ww/en/products/experience-catalogue/catalogs/series/product/building/iec-309-hp-range-plugs-and-socket-outlets-iec-309-standards/GW60267
GW60401,https://www.gewiss.com//ww/en/products/experience-catalogue/catalogs/series/product/building/iec-309-hp-range-plugs-and-socket-outlets-iec-309-standards/GW60401
GW60404,https://www.gewiss.com//ww/en/products/experience-catalogue/catalogs/series/product/building/iec-309-hp-range-plugs-and-socket-outlets-iec-309-standards/GW60404
GW60408,https://www.gewiss.com//ww/en/products/experience-catalogue/catalogs/series/product/building/iec-309-hp-range-plugs-and-socket-outlets-iec-309-standards/GW60408
GW60409,https://www.gewiss.com//ww/en/products/experience-catalogue/catalogs/series/product/building/iec-309-hp-range-plugs-and-socket-outlets-iec-309-standards/GW60409
GW60412,https://www.gewiss.com//ww/en/products/experience-catalogue/catalogs/series/product/building/iec-309-hp-range-plugs-and-socket-outlets-iec-309-standards/GW60412
GW60415,https://www.gewiss.com//ww/en/products/experience-catalogue/catalogs/series/product/building/iec-309-hp-range-plugs-and-socket-outlets-iec-309-standards/GW60415
GW60419,https://www.gewiss.com//ww/en/products/experience-catalogue/catalogs/series/product/building/iec-309-hp-range-plugs-and-socket-outlets-iec-309-standards/GW60419
GW60420,https://www.gewiss.com//ww/en/products/experience-catalogue/catalogs/series/product/building/iec-309-hp-range-plugs-and-socket-outlets-iec-309-standards/GW60420
GW60423,https://www.gewiss.com//ww/en/products/experience-catalogue/catalogs/series/product/building/iec-309-hp-range-plugs-and-socket-outlets-iec-309-standards/GW60423
GW60426,https://www.gewiss.com//ww/en/products/experience-catalogue/catalogs/series/product/building/iec-309-hp-range-plugs-and-socket-outlets-iec-309-standards/GW60426
GW60430,https://www.gewiss.com//ww/en/products/experience-catalogue/catalogs/series/product/building/iec-309-hp-range-plugs-and-socket-outlets-iec-309-standards/GW60430
GW60431,https://www.gewiss.com//ww/en/products/experience-catalogue/catalogs/series/product/building/iec-309-hp-range-plugs-and-socket-outlets-iec-309-standards/GW60431
GW60434,https://www.gewiss.com//ww/en/products/experience-catalogue/catalogs/series/product/building/iec-309-hp-range-plugs-and-socket-outlets-iec-309-standards/GW60434
GW60437,https://www.gewiss.com//ww/en/products/experience-catalogue/catalogs/series/product/building/iec-309-hp-range-plugs-and-socket-outlets-iec-309-standards/GW60437
GW60441,https://www.gewiss.com//ww/en/products/experience-catalogue/catalogs/series/product/building/iec-309-hp-range-plugs-and-socket-outlets-iec-309-standards/GW60441
GW60442,https://www.gewiss.com//ww/en/products/experience-catalogue/catalogs/series/product/building/iec-309-hp-range-plugs-and-socket-outlets-iec-309-standards/GW60442
GW61445,
GW61448,https://www.gewiss.com//ww/en/products/experience-catalogue/catalogs/series/product/building/iec-309-hp-range-plugs-and-socket-outlets-iec-309-standards/GW61448
GW61452,https://www.gewiss.com//ww/en/products/experience-catalogue/catalogs/series/product/building/iec-309-hp-range-plugs-and-socket-outlets-iec-309-standards/GW61452
GW61453,https://www.gewiss.com//ww/en/products/experience-catalogue/catalogs/series/product/building/iec-309-hp-range-plugs-and-socket-outlets-iec-309-standards/GW61453
GW60460,https://www.gewiss.com//ww/en/products/experience-catalogue/catalogs/series/product/building/iec-309-hp-range-plugs-and-socket-outlets-iec-309-standards/GW60460
GW60461,https://www.gewiss.com//ww/en/products/experience-catalogue/catalogs/series/product/building/iec-309-hp-range-plugs-and-socket-outlets-iec-309-standards/GW60461
GW62001H,https://www.gewiss.com//ww/en/products/experience-catalogue/catalogs/series/product/building/iec-309-hp-range-plugs-and-socket-outlets-iec-309-standards/GW62001H
GW62004H,https://www.gewiss.com//ww/en/products/experience-catalogue/catalogs/series/product/building/iec-309-hp-range-plugs-and-socket-outlets-iec-309-standards/GW62004H
GW62008H,https://www.gewiss.com//ww/en/products/experience-catalogue/catalogs/series/product/building/iec-309-hp-range-plugs-and-socket-outlets-iec-309-standards/GW62008H
GW62009H,https://www.gewiss.com//ww/en/products/experience-catalogue/catalogs/series/product/building/iec-309-hp-range-plugs-and-socket-outlets-iec-309-standards/GW62009H
GW62012H,https://www.gewiss.com//ww/en/products/experience-catalogue/catalogs/series/product/building/iec-309-hp-range-plugs-and-socket-outlets-iec-309-standards/GW62012H
GW62015H,https://www.gewiss.com//ww/en/products/experience-catalogue/catalogs/series/product/building/iec-309-hp-range-plugs-and-socket-outlets-iec-309-standards/GW62015H
GW62019H,https://www.gewiss.com//ww/en/products/experience-catalogue/catalogs/series/product/building/iec-309-hp-range-plugs-and-socket-outlets-iec-309-standards/GW62019H
GW62020H,https://www.gewiss.com//ww/en/products/experience-catalogue/catalogs/series/product/building/iec-309-hp-range-plugs-and-socket-outlets-iec-309-standards/GW62020H
GW62064,https://www.gewiss.com//ww/en/products/experience-catalogue/catalogs/series/product/building/iec-309-bts-range-extra-low-voltage-plugs-and-socket-outlets-iec-309-standard/GW62064
GW62065,https://www.gewiss.com//ww/en/products/experience-catalogue/catalogs/series/product/building/iec-309-bts-range-extra-low-voltage-plugs-and-socket-outlets-iec-309-standard/GW62065
GW62066,https://www.gewiss.com//ww/en/products/experience-catalogue/catalogs/series/product/building/iec-309-bts-range-extra-low-voltage-plugs-and-socket-outlets-iec-309-standard/GW62066
GW62067,https://www.gewiss.com//ww/en/products/experience-catalogue/catalogs/series/product/building/iec-309-bts-range-extra-low-voltage-plugs-and-socket-outlets-iec-309-standard/GW62067
GW62073,https://www.gewiss.com//ww/en/products/experience-catalogue/catalogs/series/product/building/iec-309-bts-range-extra-low-voltage-plugs-and-socket-outlets-iec-309-standard/GW62073
GW62074,https://www.gewiss.com//ww/en/products/experience-catalogue/catalogs/series/product/building/iec-309-bts-range-extra-low-voltage-plugs-and-socket-outlets-iec-309-standard/GW62074
GW62075,https://www.gewiss.com//ww/en/products/experience-catalogue/catalogs/series/product/building/iec-309-bts-range-extra-low-voltage-plugs-and-socket-outlets-iec-309-standard/GW62075
GW62076,https://www.gewiss.com//ww/en/products/experience-catalogue/catalogs/series/product/building/iec-309-bts-range-extra-low-voltage-plugs-and-socket-outlets-iec-309-standard/GW62076
GW62023H,https://www.gewiss.com//ww/en/products/experience-catalogue/catalogs/series/product/building/iec-309-hp-range-plugs-and-socket-outlets-iec-309-standards/GW62023H
GW62026H,
GW62030H,https://www.gewiss.com//ww/en/products/experience-catalogue/catalogs/series/product/building/iec-309-hp-range-plugs-and-socket-outlets-iec-309-standards/GW62030H
GW62031H,https://www.gewiss.com//ww/en/products/experience-catalogue/catalogs/series/product/building/iec-309-hp-range-plugs-and-socket-outlets-iec-309-standards/GW62031H
GW62034H,https://www.gewiss.com//ww/en/products/experience-catalogue/catalogs/series/product/building/iec-309-hp-range-plugs-and-socket-outlets-iec-309-standards/GW62034H
GW62037H,https://www.gewiss.com//ww/en/products/experience-catalogue/catalogs/series/product/building/iec-309-hp-range-plugs-and-socket-outlets-iec-309-standards/GW62037H
GW62041H,https://www.gewiss.com//ww/en/products/experience-catalogue/catalogs/series/product/building/iec-309-hp-range-plugs-and-socket-outlets-iec-309-standards/GW62041H
GW62042H,https://www.gewiss.com//ww/en/products/experience-catalogue/catalogs/series/product/building/iec-309-hp-range-plugs-and-socket-outlets-iec-309-standards/GW62042H
GW63045H,https://www.gewiss.com//ww/en/products/experience-catalogue/catalogs/series/product/building/iec-309-hp-range-plugs-and-socket-outlets-iec-309-standards/GW63045H
GW63048H,https://www.gewiss.com//ww/en/products/experience-catalogue/catalogs/series/product/building/iec-309-hp-range-plugs-and-socket-outlets-iec-309-standards/GW63048H
GW63049H,https://www.gewiss.com//ww/en/products/experience-catalogue/catalogs/series/product/building/iec-309-hp-range-plugs-and-socket-outlets-iec-309-standards/GW63049H
GW63050H,https://www.gewiss.com//ww/en/products/experience-catalogue/catalogs/series/product/building/iec-309-hp-range-plugs-and-socket-outlets-iec-309-standards/GW63050H
GW63052H,https://www.gewiss.com//ww/en/products/experience-catalogue/catalogs/series/product/building/iec-309-hp-range-plugs-and-socket-outlets-iec-309-standards/GW63052H
GW63053H,https://www.gewiss.com//ww/en/products/experience-catalogue/catalogs/series/product/building/iec-309-hp-range-plugs-and-socket-outlets-iec-309-standards/GW63053H
GW62060H,https://www.gewiss.com//ww/en/products/experience-catalogue/catalogs/series/product/building/iec-309-hp-range-plugs-and-socket-outlets-iec-309-standards/GW62060H
GW62061H,https://www.gewiss.com//ww/en/products/experience-catalogue/catalogs/series/product/building/iec-309-hp-range-plugs-and-socket-outlets-iec-309-standards/GW62061H
GW62201H,https://www.gewiss.com//ww/en/products/experience-catalogue/catalogs/series/product/building/iec-309-hp-range-plugs-and-socket-outlets-iec-309-standards/GW62201H
GW62205H,https://www.gewiss.com//ww/en/products/experience-catalogue/catalogs/series/product/building/iec-309-hp-range-plugs-and-socket-outlets-iec-309-standards/GW62205H
GW62208H,https://www.gewiss.com//ww/en/products/experience-catalogue/catalogs/series/product/building/iec-309-hp-range-plugs-and-socket-outlets-iec-309-standards/GW62208H
GW62209H,https://www.gewiss.com//ww/en/products/experience-catalogue/catalogs/series/product/building/iec-309-hp-range-plugs-and-socket-outlets-iec-309-standards/GW62209H
GW62210H,https://www.gewiss.com//ww/en/products/experience-catalogue/catalogs/series/product/building/iec-309-hp-range-plugs-and-socket-outlets-iec-309-standards/GW62210H
GW62213H,https://www.gewiss.com//ww/en/products/experience-catalogue/catalogs/series/product/building/iec-309-hp-range-plugs-and-socket-outlets-iec-309-standards/GW62213H
GW62216H,https://www.gewiss.com//ww/en/products/experience-catalogue/catalogs/series/product/building/iec-309-hp-range-plugs-and-socket-outlets-iec-309-standards/GW62216H
GW62219H,https://www.gewiss.com//ww/en/products/experience-catalogue/catalogs/series/product/building/iec-309-hp-range-plugs-and-socket-outlets-iec-309-standards/GW62219H
GW62220H,https://www.gewiss.com//ww/en/products/experience-catalogue/catalogs/series/product/building/iec-309-hp-range-plugs-and-socket-outlets-iec-309-standards/GW62220H
GW62221H,https://www.gewiss.com//ww/en/products/experience-catalogue/catalogs/series/product/building/iec-309-hp-range-plugs-and-socket-outlets-iec-309-standards/GW62221H
GW62265,https://www.gewiss.com//ww/en/products/experience-catalogue/catalogs/series/product/building/iec-309-bts-range-extra-low-voltage-plugs-and-socket-outlets-iec-309-standard/GW62265
GW62266,https://www.gewiss.com//ww/en/products/experience-catalogue/catalogs/series/product/building/iec-309-bts-range-extra-low-voltage-plugs-and-socket-outlets-iec-309-standard/GW62266
GW62267,https://www.gewiss.com//ww/en/products/experience-catalogue/catalogs/series/product/building/iec-309-bts-range-extra-low-voltage-plugs-and-socket-outlets-iec-309-standard/GW62267
GW62268,https://www.gewiss.com//ww/en/products/experience-catalogue/catalogs/series/product/building/iec-309-bts-range-extra-low-voltage-plugs-and-socket-outlets-iec-309-standard/GW62268
GW62224H,https://www.gewiss.com//ww/en/products/experience-catalogue/catalogs/series/product/building/iec-309-hp-range-plugs-and-socket-outlets-iec-309-standards/GW62224H
GW62227H,https://www.gewiss.com//ww/en/products/experience-catalogue/catalogs/series/product/building/iec-309-hp-range-plugs-and-socket-outlets-iec-309-standards/GW62227H
GW62231H,https://www.gewiss.com//ww/en/products/experience-catalogue/catalogs/series/product/building/iec-309-hp-range-plugs-and-socket-outlets-iec-309-standards/GW62231H
GW62232H,https://www.gewiss.com//ww/en/products/experience-catalogue/catalogs/series/product/building/iec-309-hp-range-plugs-and-socket-outlets-iec-309-standards/GW62232H
GW62235H,https://www.gewiss.com//ww/en/products/experience-catalogue/catalogs/series/product/building/iec-309-hp-range-plugs-and-socket-outlets-iec-309-standards/GW62235H
GW62238H,https://www.gewiss.com//ww/en/products/experience-catalogue/catalogs/series/product/building/iec-309-hp-range-plugs-and-socket-outlets-iec-309-standards/GW62238H
GW62242H,https://www.gewiss.com//ww/en/products/experience-catalogue/catalogs/series/product/building/iec-309-hp-range-plugs-and-socket-outlets-iec-309-standards/GW62242H
GW62243H,https://www.gewiss.com//ww/en/products/experience-catalogue/catalogs/series/product/building/iec-309-hp-range-plugs-and-socket-outlets-iec-309-standards/GW62243H
GW63246H,https://www.gewiss.com//ww/en/products/experience-catalogue/catalogs/series/product/building/iec-309-hp-range-plugs-and-socket-outlets-iec-309-standards/GW63246H
GW63249H,https://www.gewiss.com//ww/en/products/experience-catalogue/catalogs/series/product/building/iec-309-hp-range-plugs-and-socket-outlets-iec-309-standards/GW63249H
GW63253H,https://www.gewiss.com//ww/en/products/experience-catalogue/catalogs/series/product/building/iec-309-hp-range-plugs-and-socket-outlets-iec-309-standards/GW63253H
GW63254H,https://www.gewiss.com//ww/en/products/experience-catalogue/catalogs/series/product/building/iec-309-hp-range-plugs-and-socket-outlets-iec-309-standards/GW63254H
GW62261H,https://www.gewiss.com//ww/en/products/experience-catalogue/catalogs/series/product/building/iec-309-hp-range-plugs-and-socket-outlets-iec-309-standards/GW62261H
GW62262H,https://www.gewiss.com//ww/en/products/experience-catalogue/catalogs/series/product/building/iec-309-hp-range-plugs-and-socket-outlets-iec-309-standards/GW62262H
GW62401,https://www.gewiss.com//ww/en/products/experience-catalogue/catalogs/series/product/building/iec-309-hp-range-plugs-and-socket-outlets-iec-309-standards/GW62401
GW62404,https://www.gewiss.com//ww/en/products/experience-catalogue/catalogs/series/product/building/iec-309-hp-range-plugs-and-socket-outlets-iec-309-standards/GW62404
GW62408,https://www.gewiss.com//ww/en/products/experience-catalogue/catalogs/series/product/building/iec-309-hp-range-plugs-and-socket-outlets-iec-309-standards/GW62408
GW62409,https://www.gewiss.com//ww/en/products/experience-catalogue/catalogs/series/product/building/iec-309-hp-range-plugs-and-socket-outlets-iec-309-standards/GW62409
GW62412,https://www.gewiss.com//ww/en/products/experience-catalogue/catalogs/series/product/building/iec-309-hp-range-plugs-and-socket-outlets-iec-309-standards/GW62412
GW62415,https://www.gewiss.com//ww/en/products/experience-catalogue/catalogs/series/product/building/iec-309-hp-range-plugs-and-socket-outlets-iec-309-standards/GW62415
GW62419,https://www.gewiss.com//ww/en/products/experience-catalogue/catalogs/series/product/building/iec-309-hp-range-plugs-and-socket-outlets-iec-309-standards/GW62419
GW62420,https://www.gewiss.com//ww/en/products/experience-catalogue/catalogs/series/product/building/iec-309-hp-range-plugs-and-socket-outlets-iec-309-standards/GW62420
GW62456,https://www.gewiss.com//ww/en/products/experience-catalogue/catalogs/series/product/building/iec-309-bts-range-extra-low-voltage-plugs-and-socket-outlets-iec-309-standard/GW62456
GW62457,https://www.gewiss.com//ww/en/products/experience-catalogue/catalogs/series/product/building/iec-309-bts-range-extra-low-voltage-plugs-and-socket-outlets-iec-309-standard/GW62457
GW62458,https://www.gewiss.com//ww/en/products/experience-catalogue/catalogs/series/product/building/iec-309-bts-range-extra-low-voltage-plugs-and-socket-outlets-iec-309-standard/GW62458
GW62459,https://www.gewiss.com//ww/en/products/experience-catalogue/catalogs/series/product/building/iec-309-bts-range-extra-low-voltage-plugs-and-socket-outlets-iec-309-standard/GW62459
GW62423,https://www.gewiss.com//ww/en/products/experience-catalogue/catalogs/series/product/building/iec-309-hp-range-plugs-and-socket-outlets-iec-309-standards/GW62423
GW62426,https://www.gewiss.com//ww/en/products/experience-catalogue/catalogs/series/product/building/iec-309-hp-range-plugs-and-socket-outlets-iec-309-standards/GW62426
GW62430,https://www.gewiss.com//ww/en/products/experience-catalogue/catalogs/series/product/building/iec-309-hp-range-plugs-and-socket-outlets-iec-309-standards/GW62430
GW62431,https://www.gewiss.com//ww/en/products/experience-catalogue/catalogs/series/product/building/iec-309-hp-range-plugs-and-socket-outlets-iec-309-standards/GW62431
GW62434,https://www.gewiss.com//ww/en/products/experience-catalogue/catalogs/series/product/building/iec-309-hp-range-plugs-and-socket-outlets-iec-309-standards/GW62434
GW62437,https://www.gewiss.com//ww/en/products/experience-catalogue/catalogs/series/product/building/iec-309-hp-range-plugs-and-socket-outlets-iec-309-standards/GW62437
GW62441,https://www.gewiss.com//ww/en/products/experience-catalogue/catalogs/series/product/building/iec-309-hp-range-plugs-and-socket-outlets-iec-309-standards/GW62441
GW62442,https://www.gewiss.com//ww/en/products/experience-catalogue/catalogs/series/product/building/iec-309-hp-range-plugs-and-socket-outlets-iec-309-standards/GW62442
GW63445,https://www.gewiss.com//ww/en/products/experience-catalogue/catalogs/series/product/building/iec-309-hp-range-plugs-and-socket-outlets-iec-309-standards/GW63445
GW63448,https://www.gewiss.com//ww/en/products/experience-catalogue/catalogs/series/product/building/iec-309-hp-range-plugs-and-socket-outlets-iec-309-standards/GW63448
GW63449,https://www.gewiss.com//ww/en/products/experience-catalogue/catalogs/series/product/building/iec-309-hp-range-plugs-and-socket-outlets-iec-309-standards/GW63449
GW63450,https://www.gewiss.com//ww/en/products/experience-catalogue/catalogs/series/product/building/iec-309-hp-range-plugs-and-socket-outlets-iec-309-standards/GW63450
GW63452,https://www.gewiss.com//ww/en/products/experience-catalogue/catalogs/series/product/building/iec-309-hp-range-plugs-and-socket-outlets-iec-309-standards/GW63452
GW63453,https://www.gewiss.com//ww/en/products/experience-catalogue/catalogs/series/product/building/iec-309-hp-range-plugs-and-socket-outlets-iec-309-standards/GW63453
GW62474,https://www.gewiss.com//ww/en/products/experience-catalogue/catalogs/series/product/building/iec-309-hp-range-plugs-and-socket-outlets-iec-309-standards/GW62474
GW62477,https://www.gewiss.com//ww/en/products/experience-catalogue/catalogs/series/product/building/iec-309-hp-range-plugs-and-socket-outlets-iec-309-standards/GW62477
GW62481,https://www.gewiss.com//ww/en/products/experience-catalogue/catalogs/series/product/building/iec-309-hp-range-plugs-and-socket-outlets-iec-309-standards/GW62481
GW62482,https://www.gewiss.com//ww/en/products/experience-catalogue/catalogs/series/product/building/iec-309-hp-range-plugs-and-socket-outlets-iec-309-standards/GW62482
GW62485,https://www.gewiss.com//ww/en/products/experience-catalogue/catalogs/series/product/building/iec-309-hp-range-plugs-and-socket-outlets-iec-309-standards/GW62485
GW62488,https://www.gewiss.com//ww/en/products/experience-catalogue/catalogs/series/product/building/iec-309-hp-range-plugs-and-socket-outlets-iec-309-standards/GW62488
GW62492,https://www.gewiss.com//ww/en/products/experience-catalogue/catalogs/series/product/building/iec-309-hp-range-plugs-and-socket-outlets-iec-309-standards/GW62492
GW62493,https://www.gewiss.com//ww/en/products/experience-catalogue/catalogs/series/product/building/iec-309-hp-range-plugs-and-socket-outlets-iec-309-standards/GW62493
GW62496,https://www.gewiss.com//ww/en/products/experience-catalogue/catalogs/series/product/building/iec-309-hp-range-plugs-and-socket-outlets-iec-309-standards/GW62496
GW62499,https://www.gewiss.com//ww/en/products/experience-catalogue/catalogs/series/product/building/iec-309-hp-range-plugs-and-socket-outlets-iec-309-standards/GW62499
GW62504,https://www.gewiss.com//ww/en/products/experience-catalogue/catalogs/series/product/building/iec-309-hp-range-plugs-and-socket-outlets-iec-309-standards/GW62504
GW62505,https://www.gewiss.com//ww/en/products/experience-catalogue/catalogs/series/product/building/iec-309-hp-range-plugs-and-socket-outlets-iec-309-standards/GW62505
GW62508,https://www.gewiss.com//ww/en/products/experience-catalogue/catalogs/series/product/building/iec-309-hp-range-plugs-and-socket-outlets-iec-309-standards/GW62508
GW62511,https://www.gewiss.com//ww/en/products/experience-catalogue/catalogs/series/product/building/iec-309-hp-range-plugs-and-socket-outlets-iec-309-standards/GW62511
GW62515,https://www.gewiss.com//ww/en/products/experience-catalogue/catalogs/series/product/building/iec-309-hp-range-plugs-and-socket-outlets-iec-309-standards/GW62515
GW62516,https://www.gewiss.com//ww/en/products/experience-catalogue/catalogs/series/product/building/iec-309-hp-range-plugs-and-socket-outlets-iec-309-standards/GW62516
GW63519,
GW63522,https://www.gewiss.com//ww/en/products/experience-catalogue/catalogs/series/product/building/iec-309-hp-range-plugs-and-socket-outlets-iec-309-standards/GW63522
GW63526,https://www.gewiss.com//ww/en/products/experience-catalogue/catalogs/series/product/building/iec-309-hp-range-plugs-and-socket-outlets-iec-309-standards/GW63526
GW63527,https://www.gewiss.com//ww/en/products/experience-catalogue/catalogs/series/product/building/iec-309-hp-range-plugs-and-socket-outlets-iec-309-standards/GW63527
GW62534,https://www.gewiss.com//ww/en/products/experience-catalogue/catalogs/series/product/building/iec-309-hp-range-plugs-and-socket-outlets-iec-309-standards/GW62534
GW62535,https://www.gewiss.com//ww/en/products/experience-catalogue/catalogs/series/product/building/iec-309-hp-range-plugs-and-socket-outlets-iec-309-standards/GW62535
GW64008,https://www.gewiss.com//ww/en/products/experience-catalogue/catalogs/series/product/building/iec-309-ma-range-multiple-sockets-and-adaptor-for-industrial-and-domestic-uses-protected-and-watertight/GW64008
GW64010,https://www.gewiss.com//ww/en/products/experience-catalogue/catalogs/series/product/building/iec-309-ma-range-multiple-sockets-and-adaptor-for-industrial-and-domestic-uses-protected-and-watertight/GW64010
GW64013,https://www.gewiss.com//ww/en/products/experience-catalogue/catalogs/series/product/building/iec-309-ma-range-multiple-sockets-and-adaptor-for-industrial-and-domestic-uses-protected-and-watertight/GW64013
GW64014,https://www.gewiss.com//ww/en/products/experience-catalogue/catalogs/series/product/building/iec-309-ma-range-multiple-sockets-and-adaptor-for-industrial-and-domestic-uses-protected-and-watertight/GW64014
GW64022,https://www.gewiss.com//ww/en/products/experience-catalogue/catalogs/series/product/building/iec-309-ma-range-multiple-sockets-and-adaptor-for-industrial-and-domestic-uses-protected-and-watertight/GW64022
GW64024,https://www.gewiss.com//ww/en/products/experience-catalogue/catalogs/series/product/building/iec-309-ma-range-multiple-sockets-and-adaptor-for-industrial-and-domestic-uses-protected-and-watertight/GW64024
GW64027,https://www.gewiss.com//ww/en/products/experience-catalogue/catalogs/series/product/building/iec-309-ma-range-multiple-sockets-and-adaptor-for-industrial-and-domestic-uses-protected-and-watertight/GW64027
GW64028,
GW64068,https://www.gewiss.com//ww/en/products/experience-catalogue/catalogs/series/product/building/iec-309-ma-range-multiple-sockets-and-adaptor-for-industrial-and-domestic-uses-protected-and-watertight/GW64068
GW64050,https://www.gewiss.com//ww/en/products/experience-catalogue/catalogs/series/product/building/iec-309-ma-range-multiple-sockets-and-adaptor-for-industrial-and-domestic-uses-protected-and-watertight/GW64050
GW64052,https://www.gewiss.com//ww/en/products/experience-catalogue/catalogs/series/product/building/iec-309-ma-range-multiple-sockets-and-adaptor-for-industrial-and-domestic-uses-protected-and-watertight/GW64052
GW64055,https://www.gewiss.com//ww/en/products/experience-catalogue/catalogs/series/product/building/iec-309-ma-range-multiple-sockets-and-adaptor-for-industrial-and-domestic-uses-protected-and-watertight/GW64055
GW64056,https://www.gewiss.com//ww/en/products/experience-catalogue/catalogs/series/product/building/iec-309-ma-range-multiple-sockets-and-adaptor-for-industrial-and-domestic-uses-protected-and-watertight/GW64056
GW64204,https://www.gewiss.com//ww/en/products/experience-catalogue/catalogs/series/product/building/iec-309-ma-range-multiple-sockets-and-adaptor-for-industrial-and-domestic-uses-protected-and-watertight/GW64204
GW66445,https://www.gewiss.com//ww/en/products/experience-catalogue/catalogs/series/product/building/ib-range-interlocked-socket-outlets-iec-309-standards/GW66445
GW66448,https://www.gewiss.com//ww/en/products/experience-catalogue/catalogs/series/product/building/ib-range-interlocked-socket-outlets-iec-309-standards/GW66448
GW66452,https://www.gewiss.com//ww/en/products/experience-catalogue/catalogs/series/product/building/ib-range-interlocked-socket-outlets-iec-309-standards/GW66452
GW66453,https://www.gewiss.com//ww/en/products/experience-catalogue/catalogs/series/product/building/ib-range-interlocked-socket-outlets-iec-309-standards/GW66453
GW66456,https://www.gewiss.com//ww/en/products/experience-catalogue/catalogs/series/product/building/ib-range-interlocked-socket-outlets-iec-309-standards/GW66456
GW66459,https://www.gewiss.com//ww/en/products/experience-catalogue/catalogs/series/product/building/ib-range-interlocked-socket-outlets-iec-309-standards/GW66459
GW66463,https://www.gewiss.com//ww/en/products/experience-catalogue/catalogs/series/product/building/ib-range-interlocked-socket-outlets-iec-309-standards/GW66463
GW66464,https://www.gewiss.com//ww/en/products/experience-catalogue/catalogs/series/product/building/ib-range-interlocked-socket-outlets-iec-309-standards/GW66464
GW66201N,https://www.gewiss.com//ww/en/products/experience-catalogue/catalogs/series/product/building/ib-range-interlocked-socket-outlets-iec-309-standards/GW66201N
GW66204N,https://www.gewiss.com//ww/en/products/experience-catalogue/catalogs/series/product/building/ib-range-interlocked-socket-outlets-iec-309-standards/GW66204N
GW66208N,https://www.gewiss.com//ww/en/products/experience-catalogue/catalogs/series/product/building/ib-range-interlocked-socket-outlets-iec-309-standards/GW66208N
GW66209N,https://www.gewiss.com//ww/en/products/experience-catalogue/catalogs/series/product/building/ib-range-interlocked-socket-outlets-iec-309-standards/GW66209N
GW66212N,https://www.gewiss.com//ww/en/products/experience-catalogue/catalogs/series/product/building/ib-range-interlocked-socket-outlets-iec-309-standards/GW66212N
GW66215N,https://www.gewiss.com//ww/en/products/experience-catalogue/catalogs/series/product/building/ib-range-interlocked-socket-outlets-iec-309-standards/GW66215N
GW66219N,https://www.gewiss.com//ww/en/products/experience-catalogue/catalogs/series/product/building/ib-range-interlocked-socket-outlets-iec-309-standards/GW66219N
GW66220N,https://www.gewiss.com//ww/en/products/experience-catalogue/catalogs/series/product/building/ib-range-interlocked-socket-outlets-iec-309-standards/GW66220N
GW67256N,https://www.gewiss.com//ww/en/products/experience-catalogue/catalogs/series/product/building/ib-range-interlocked-socket-outlets-iec-309-standards/GW67256N
GW67259N,https://www.gewiss.com//ww/en/products/experience-catalogue/catalogs/series/product/building/ib-range-interlocked-socket-outlets-iec-309-standards/GW67259N
GW67263N,https://www.gewiss.com//ww/en/products/experience-catalogue/catalogs/series/product/building/ib-range-interlocked-socket-outlets-iec-309-standards/GW67263N
GW67264N,https://www.gewiss.com//ww/en/products/experience-catalogue/catalogs/series/product/building/ib-range-interlocked-socket-outlets-iec-309-standards/GW67264N
GW66741N,https://www.gewiss.com//ww/en/products/experience-catalogue/catalogs/series/product/building/ib-range-interlocked-socket-outlets-iec-309-standards/GW66741N
GW66742N,
GW66977,https://www.gewiss.com//ww/en/products/experience-catalogue/catalogs/series/product/building/ib-range-interlocked-socket-outlets-iec-309-standards/GW66977
GW66981,https://www.gewiss.com//ww/en/products/experience-catalogue/catalogs/series/product/building/ib-range-interlocked-socket-outlets-iec-309-standards/GW66981
GW66982,https://www.gewiss.com//ww/en/products/experience-catalogue/catalogs/series/product/building/ib-range-interlocked-socket-outlets-iec-309-standards/GW66982
GW66985,https://www.gewiss.com//ww/en/products/experience-catalogue/catalogs/series/product/building/ib-range-interlocked-socket-outlets-iec-309-standards/GW66985
GW66988,https://www.gewiss.com//ww/en/products/experience-catalogue/catalogs/series/product/building/ib-range-interlocked-socket-outlets-iec-309-standards/GW66988
GW66992,https://www.gewiss.com//ww/en/products/experience-catalogue/catalogs/series/product/building/ib-range-interlocked-socket-outlets-iec-309-standards/GW66992
GW66993,
GW66873,https://www.gewiss.com//ww/en/products/experience-catalogue/catalogs/series/product/building/ib-range-interlocked-socket-outlets-iec-309-standards/GW66873
GW66874,https://www.gewiss.com//ww/en/products/experience-catalogue/catalogs/series/product/building/ib-range-interlocked-socket-outlets-iec-309-standards/GW66874
GW70431P,https://www.gewiss.com//ww/en/products/experience-catalogue/catalogs/series/product/building/70-rt-hp-range-rotary-isolator/GW70431P
GW70432P,https://www.gewiss.com//ww/en/products/experience-catalogue/catalogs/series/product/building/70-rt-hp-range-rotary-isolator/GW70432P
GW70433P,https://www.gewiss.com//ww/en/products/experience-catalogue/catalogs/series/product/building/70-rt-hp-range-rotary-isolator/GW70433P
GW70434P,https://www.gewiss.com//ww/en/products/experience-catalogue/catalogs/series/product/building/70-rt-hp-range-rotary-isolator/GW70434P
GW70435P,https://www.gewiss.com//ww/en/products/experience-catalogue/catalogs/series/product/building/70-rt-hp-range-rotary-isolator/GW70435P
GW70436P,https://www.gewiss.com//ww/en/products/experience-catalogue/catalogs/series/product/building/70-rt-hp-range-rotary-isolator/GW70436P
GW70437P,https://www.gewiss.com//ww/en/products/experience-catalogue/catalogs/series/product/building/70-rt-hp-range-rotary-isolator/GW70437P
GW70438P,https://www.gewiss.com//ww/en/products/experience-catalogue/catalogs/series/product/building/70-rt-hp-range-rotary-isolator/GW70438P
GW68017N,https://www.gewiss.com//ww/en/products/experience-catalogue/catalogs/series/product/building/68-q-din-range-distribution-boards/GW68017N
GW68018N,https://www.gewiss.com//ww/en/products/experience-catalogue/catalogs/series/product/building/68-q-din-range-distribution-boards/GW68018N
GW68001N,https://www.gewiss.com//ww/en/products/experience-catalogue/catalogs/series/product/building/68-q-din-range-distribution-boards/GW68001N
GW68020N,https://www.gewiss.com//ww/en/products/experience-catalogue/catalogs/series/product/building/68-q-din-range-distribution-boards/GW68020N
GW68002N,https://www.gewiss.com//ww/en/products/experience-catalogue/catalogs/series/product/building/68-q-din-range-distribution-boards/GW68002N
GW68003N,https://www.gewiss.com//ww/en/products/experience-catalogue/catalogs/series/product/building/68-q-din-range-distribution-boards/GW68003N
GW68019N,https://www.gewiss.com//ww/en/products/experience-catalogue/catalogs/series/product/building/ib-range-interlocked-socket-outlets-iec-309-standards/GW68019N
GW68004N,https://www.gewiss.com//ww/en/products/experience-catalogue/catalogs/series/product/building/68-q-din-range-distribution-boards/GW68004N
GW68005N,https://www.gewiss.com//ww/en/products/experience-catalogue/catalogs/series/product/building/68-q-din-range-distribution-boards/GW68005N
GW68006N,https://www.gewiss.com//ww/en/products/experience-catalogue/catalogs/series/product/building/ib-range-interlocked-socket-outlets-iec-309-standards/GW68006N
GW68007N,https://www.gewiss.com//ww/en/products/experience-catalogue/catalogs/series/product/building/68-q-din-range-distribution-boards/GW68007N
GW68008N,https://www.gewiss.com//ww/en/products/experience-catalogue/catalogs/series/product/building/68-q-din-range-distribution-boards/GW68008N
GW68009N,https://www.gewiss.com//ww/en/products/experience-catalogue/catalogs/series/product/building/ib-range-interlocked-socket-outlets-iec-309-standards/GW68009N
GW68010N,https://www.gewiss.com//ww/en/products/experience-catalogue/catalogs/series/product/building/ib-range-interlocked-socket-outlets-iec-309-standards/GW68010N
GW68012N,https://www.gewiss.com//ww/en/products/experience-catalogue/catalogs/series/product/building/68-q-din-range-distribution-boards/GW68012N
GW68013N,https://www.gewiss.com//ww/en/products/experience-catalogue/catalogs/series/product/building/68-q-din-range-distribution-boards/GW68013N
GW68014N,https://www.gewiss.com//ww/en/products/experience-catalogue/catalogs/series/product/building/ib-range-interlocked-socket-outlets-iec-309-standards/GW68014N
GW68015N,https://www.gewiss.com//ww/en/products/experience-catalogue/catalogs/series/product/building/ib-range-interlocked-socket-outlets-iec-309-standards/GW68015N
GW27401,https://www.gewiss.com//ww/en/products/experience-catalogue/catalogs/series/product/domotics/27-combi-range-wall-mounting-enclosures-and-modular-components/GW27401
GW26410,https://www.gewiss.com//ww/en/products/experience-catalogue/catalogs/series/product/domotics/system---domestic-range-plates/GW26410
GW20208,https://www.gewiss.com//ww/en/products/experience-catalogue/catalogs/series/product/domotics/system---domestic-range-modular-devices/GW20208
GW44024,https://www.gewiss.com//ww/en/products/experience-catalogue/catalogs/series/product/building/44-ce-range-technopolymer-surface-mounting-watertight-junction-boxes/GW44024
GW44026,https://www.gewiss.com//ww/en/products/experience-catalogue/catalogs/series/product/building/44-ce-range-technopolymer-surface-mounting-watertight-junction-boxes/GW44026
GW44001,https://www.gewiss.com//ww/en/products/experience-catalogue/catalogs/series/product/building/44-ce-range-technopolymer-surface-mounting-watertight-junction-boxes/GW44001
GW44002,https://www.gewiss.com//ww/en/products/experience-catalogue/catalogs/series/product/building/44-ce-range-technopolymer-surface-mounting-watertight-junction-boxes/GW44002
GW44003,https://www.gewiss.com//ww/en/products/experience-catalogue/catalogs/series/product/building/44-ce-range-technopolymer-surface-mounting-watertight-junction-boxes/GW44003
GW44004,https://www.gewiss.com//ww/en/products/experience-catalogue/catalogs/series/product/building/44-ce-range-technopolymer-surface-mounting-watertight-junction-boxes/GW44004
GW44005,https://www.gewiss.com//ww/en/products/experience-catalogue/catalogs/series/product/building/44-ce-range-technopolymer-surface-mounting-watertight-junction-boxes/GW44005
GW44006,https://www.gewiss.com//ww/en/products/experience-catalogue/catalogs/series/product/building/44-ce-range-technopolymer-surface-mounting-watertight-junction-boxes/GW44006
GW44007,https://www.gewiss.com//ww/en/products/experience-catalogue/catalogs/series/product/building/44-ce-range-technopolymer-surface-mounting-watertight-junction-boxes/GW44007
GW44008,https://www.gewiss.com//ww/en/products/experience-catalogue/catalogs/series/product/building/44-ce-range-technopolymer-surface-mounting-watertight-junction-boxes/GW44008
GW44009,https://www.gewiss.com//ww/en/products/experience-catalogue/catalogs/series/product/building/44-ce-range-technopolymer-surface-mounting-watertight-junction-boxes/GW44009
GW44010,https://www.gewiss.com//ww/en/products/experience-catalogue/catalogs/series/product/building/44-ce-range-technopolymer-surface-mounting-watertight-junction-boxes/GW44010
GW44011,https://www.gewiss.com//ww/en/products/experience-catalogue/catalogs/series/product/building/44-ce-range-technopolymer-surface-mounting-watertight-junction-boxes/GW44011
GW44234,
GW44236,https://www.gewiss.com//ww/en/products/experience-catalogue/catalogs/series/product/building/44-ce-range-technopolymer-surface-mounting-watertight-junction-boxes/GW44236
GW44204,https://www.gewiss.com//ww/en/products/experience-catalogue/catalogs/series/product/building/44-ce-range-technopolymer-surface-mounting-watertight-junction-boxes/GW44204
GW44205,https://www.gewiss.com//ww/en/products/experience-catalogue/catalogs/series/product/building/44-ce-range-technopolymer-surface-mounting-watertight-junction-boxes/GW44205
GW44206,https://www.gewiss.com//ww/en/products/experience-catalogue/catalogs/series/product/building/44-ce-range-technopolymer-surface-mounting-watertight-junction-boxes/GW44206
GW44207,https://www.gewiss.com//ww/en/products/experience-catalogue/catalogs/series/product/building/44-ce-range-technopolymer-surface-mounting-watertight-junction-boxes/GW44207
GW44208,https://www.gewiss.com//ww/en/products/experience-catalogue/catalogs/series/product/building/44-ce-range-technopolymer-surface-mounting-watertight-junction-boxes/GW44208
GW44209,https://www.gewiss.com//ww/en/products/experience-catalogue/catalogs/series/product/building/44-ce-range-technopolymer-surface-mounting-watertight-junction-boxes/GW44209
GW44210,https://www.gewiss.com//ww/en/products/experience-catalogue/catalogs/series/product/building/44-ce-range-technopolymer-surface-mounting-watertight-junction-boxes/GW44210
GW44211,https://www.gewiss.com//ww/en/products/experience-catalogue/catalogs/series/product/building/44-ce-range-technopolymer-surface-mounting-watertight-junction-boxes/GW44211
GW44214,https://www.gewiss.com//ww/en/products/experience-catalogue/catalogs/series/product/building/44-ce-range-technopolymer-surface-mounting-watertight-junction-boxes/GW44214
GW44215,https://www.gewiss.com//ww/en/products/experience-catalogue/catalogs/series/product/building/44-ce-range-technopolymer-surface-mounting-watertight-junction-boxes/GW44215
GW44216,https://www.gewiss.com//ww/en/products/experience-catalogue/catalogs/series/product/building/44-ce-range-technopolymer-surface-mounting-watertight-junction-boxes/GW44216
GW44217,https://www.gewiss.com//ww/en/products/experience-catalogue/catalogs/series/product/building/44-ce-range-technopolymer-surface-mounting-watertight-junction-boxes/GW44217
GW44218,https://www.gewiss.com//ww/en/products/experience-catalogue/catalogs/series/product/building/44-ce-range-technopolymer-surface-mounting-watertight-junction-boxes/GW44218
GW44219,https://www.gewiss.com//ww/en/products/experience-catalogue/catalogs/series/product/building/44-ce-range-technopolymer-surface-mounting-watertight-junction-boxes/GW44219
GW44220,https://www.gewiss.com//ww/en/products/experience-catalogue/catalogs/series/product/building/44-ce-range-technopolymer-surface-mounting-watertight-junction-boxes/GW44220
GW44221,https://www.gewiss.com//ww/en/products/experience-catalogue/catalogs/series/product/building/44-ce-range-technopolymer-surface-mounting-watertight-junction-boxes/GW44221
GW44426,https://www.gewiss.com//ww/en/products/experience-catalogue/catalogs/series/product/building/44-ce-range-technopolymer-surface-mounting-watertight-junction-boxes/GW44426
GW44427,https://www.gewiss.com//ww/en/products/experience-catalogue/catalogs/series/product/building/44-ce-range-technopolymer-surface-mounting-watertight-junction-boxes/GW44427
GW44428,https://www.gewiss.com//ww/en/products/experience-catalogue/catalogs/series/product/building/44-ce-range-technopolymer-surface-mounting-watertight-junction-boxes/GW44428
GW44429,https://www.gewiss.com//ww/en/products/experience-catalogue/catalogs/series/product/building/44-ce-range-technopolymer-surface-mounting-watertight-junction-boxes/GW44429
GW44430,https://www.gewiss.com//ww/en/products/experience-catalogue/catalogs/series/product/building/44-ce-range-technopolymer-surface-mounting-watertight-junction-boxes/GW44430
GW44431,https://www.gewiss.com//ww/en/products/experience-catalogue/catalogs/series/product/building/44-ce-range-technopolymer-surface-mounting-watertight-junction-boxes/GW44431
GW44436,https://www.gewiss.com//ww/en/products/experience-catalogue/catalogs/series/product/building/44-ce-range-technopolymer-surface-mounting-watertight-junction-boxes/GW44436
GW44437,https://www.gewiss.com//ww/en/products/experience-catalogue/catalogs/series/product/building/44-ce-range-technopolymer-surface-mounting-watertight-junction-boxes/GW44437
GW44438,https://www.gewiss.com//ww/en/products/experience-catalogue/catalogs/series/product/building/44-ce-range-technopolymer-surface-mounting-watertight-junction-boxes/GW44438
GW44439,https://www.gewiss.com//ww/en/products/experience-catalogue/catalogs/series/product/building/44-ce-range-technopolymer-surface-mounting-watertight-junction-boxes/GW44439
GW44440,https://www.gewiss.com//ww/en/products/experience-catalogue/catalogs/series/product/building/44-ce-range-technopolymer-surface-mounting-watertight-junction-boxes/GW44440
GW44441,https://www.gewiss.com//ww/en/products/experience-catalogue/catalogs/series/product/building/44-ce-range-technopolymer-surface-mounting-watertight-junction-boxes/GW44441
GW44051,https://www.gewiss.com//ww/en/products/experience-catalogue/catalogs/series/product/building/44-ce-range-technopolymer-surface-mounting-watertight-junction-boxes/GW44051R
GW44053,https://www.gewiss.com//ww/en/products/experience-catalogue/catalogs/series/product/building/44-ce-range-technopolymer-surface-mounting-watertight-junction-boxes/GW44053R
GW44054,https://www.gewiss.com//ww/en/products/experience-catalogue/catalogs/series/product/building/44-ce-range-technopolymer-surface-mounting-watertight-junction-boxes/GW44054R
GW44056,https://www.gewiss.com//ww/en/products/experience-catalogue/catalogs/series/product/building/44-ce-range-technopolymer-surface-mounting-watertight-junction-boxes/GW44056R
GW44057,https://www.gewiss.com//ww/en/products/experience-catalogue/catalogs/series/product/building/44-ce-range-technopolymer-surface-mounting-watertight-junction-boxes/GW44057
GW44058,https://www.gewiss.com//ww/en/products/experience-catalogue/catalogs/series/product/building/44-ce-range-technopolymer-surface-mounting-watertight-junction-boxes/GW44058
GW44615,https://www.gewiss.com//ww/en/products/experience-catalogue/catalogs/series/product/building/44-ce-range-technopolymer-surface-mounting-watertight-junction-boxes/GW44615
GW44616,https://www.gewiss.com//ww/en/products/experience-catalogue/catalogs/series/product/building/44-ce-range-technopolymer-surface-mounting-watertight-junction-boxes/GW44616
GW44617,https://www.gewiss.com//ww/en/products/experience-catalogue/catalogs/series/product/building/44-ce-range-technopolymer-surface-mounting-watertight-junction-boxes/GW44617
GW44618,https://www.gewiss.com//ww/en/products/experience-catalogue/catalogs/series/product/building/44-ce-range-technopolymer-surface-mounting-watertight-junction-boxes/GW44618
GW44619,https://www.gewiss.com//ww/en/products/experience-catalogue/catalogs/series/product/building/44-ce-range-technopolymer-surface-mounting-watertight-junction-boxes/GW44619
GW44621,https://www.gewiss.com//ww/en/products/experience-catalogue/catalogs/series/product/building/ib-range-interlocked-socket-outlets-iec-309-standards/GW44621
GW50428,https://www.gewiss.com//ww/en/products/experience-catalogue/catalogs/series/product/building/44-ce-range-technopolymer-surface-mounting-watertight-junction-boxes/GW50428
GW50429,https://www.gewiss.com//ww/en/products/experience-catalogue/catalogs/series/product/building/44-ce-range-technopolymer-surface-mounting-watertight-junction-boxes/GW50429
GW50430,https://www.gewiss.com//ww/en/products/experience-catalogue/catalogs/series/product/building/44-ce-range-technopolymer-surface-mounting-watertight-junction-boxes/GW50430
GW50431,https://www.gewiss.com//ww/en/products/experience-catalogue/catalogs/series/product/building/44-ce-range-technopolymer-surface-mounting-watertight-junction-boxes/GW50431
GW50432,https://www.gewiss.com//ww/en/products/experience-catalogue/catalogs/series/product/building/44-ce-range-technopolymer-surface-mounting-watertight-junction-boxes/GW50432
GW40101,https://www.gewiss.com//ww/en/products/experience-catalogue/catalogs/series/product/building/40-cd-range-surface-mounting-distribution-boards-and-enclosures/GW40101
GW40102,https://www.gewiss.com//ww/en/products/experience-catalogue/catalogs/series/product/building/40-cd-range-surface-mounting-distribution-boards-and-enclosures/GW40102BS
GW40103,https://www.gewiss.com//ww/en/products/experience-catalogue/catalogs/series/product/building/40-cd-range-surface-mounting-distribution-boards-and-enclosures/GW40103BS
GW40106,https://www.gewiss.com//ww/en/products/experience-catalogue/catalogs/series/product/building/40-cd-range-surface-mounting-distribution-boards-and-enclosures/GW40106BS
GW40104,https://www.gewiss.com//ww/en/products/experience-catalogue/catalogs/series/product/building/40-cd-range-surface-mounting-distribution-boards-and-enclosures/GW40104BD
GW40105,https://www.gewiss.com//ww/en/products/experience-catalogue/catalogs/series/product/building/40-cd-range-surface-mounting-distribution-boards-and-enclosures/GW40105BD
GW40107,https://www.gewiss.com//ww/en/products/experience-catalogue/catalogs/series/product/building/40-cd-range-surface-mounting-distribution-boards-and-enclosures/GW40107BS
GW40108,https://www.gewiss.com//ww/en/products/experience-catalogue/catalogs/series/product/building/40-cd-range-surface-mounting-distribution-boards-and-enclosures/GW40108BT
GW40109,https://www.gewiss.com//ww/en/products/experience-catalogue/catalogs/series/product/building/40-cd-range-surface-mounting-distribution-boards-and-enclosures/GW40109BQ
GW40113,https://www.gewiss.com//ww/en/products/experience-catalogue/catalogs/series/product/building/40-cde-range-enclosures-and-distribution-boards-for-specific-standards/GW40113
GW40114,https://www.gewiss.com//ww/en/products/experience-catalogue/catalogs/series/product/building/40-cde-range-enclosures-and-distribution-boards-for-specific-standards/GW40114
GW40115,https://www.gewiss.com//ww/en/products/experience-catalogue/catalogs/series/product/building/40-cde-range-enclosures-and-distribution-boards-for-specific-standards/GW40115
GW40123,https://www.gewiss.com//ww/en/products/experience-catalogue/catalogs/series/product/building/40-cde-range-enclosures-and-distribution-boards-for-specific-standards/GW40123
GW40124,https://www.gewiss.com//ww/en/products/experience-catalogue/catalogs/series/product/building/40-cde-range-enclosures-and-distribution-boards-for-specific-standards/GW40124
GW40125,
GW40001,https://www.gewiss.com//ww/en/products/experience-catalogue/catalogs/series/product/building/40-cd-range-surface-mounting-distribution-boards-and-enclosures/GW40001
GW40003,https://www.gewiss.com//ww/en/products/experience-catalogue/catalogs/series/product/building/40-cd-range-surface-mounting-distribution-boards-and-enclosures/GW40003
GW40005,https://www.gewiss.com//ww/en/products/experience-catalogue/catalogs/series/product/building/40-cd-range-surface-mounting-distribution-boards-and-enclosures/GW40005
GW40009,https://www.gewiss.com//ww/en/products/experience-catalogue/catalogs/series/product/building/40-cd-range-surface-mounting-distribution-boards-and-enclosures/GW40009
GW40022,https://www.gewiss.com//ww/en/products/experience-catalogue/catalogs/series/product/building/40-cd-range-surface-mounting-distribution-boards-and-enclosures/GW40022
GW40023,https://www.gewiss.com//ww/en/products/experience-catalogue/catalogs/series/product/building/40-cd-range-surface-mounting-distribution-boards-and-enclosures/GW40023
GW40024,https://www.gewiss.com//ww/en/products/experience-catalogue/catalogs/series/product/building/40-cd-range-surface-mounting-distribution-boards-and-enclosures/GW40024
GW40026,https://www.gewiss.com//ww/en/products/experience-catalogue/catalogs/series/product/building/40-cd-range-surface-mounting-distribution-boards-and-enclosures/GW40026
GW40028,https://www.gewiss.com//ww/en/products/experience-catalogue/catalogs/series/product/building/40-cd-range-surface-mounting-distribution-boards-and-enclosures/GW40028
GW40030,https://www.gewiss.com//ww/en/products/experience-catalogue/catalogs/series/product/building/40-cd-range-surface-mounting-distribution-boards-and-enclosures/GW40030
GW40032,https://www.gewiss.com//ww/en/products/experience-catalogue/catalogs/series/product/building/40-cd-range-surface-mounting-distribution-boards-and-enclosures/GW40032
GW40401,https://www.gewiss.com//ww/en/products/experience-catalogue/catalogs/series/product/domotics/green-wall-range-flush-mounting-system-for-plasterboard-walls/GW40401
GW40402,https://www.gewiss.com//ww/en/products/experience-catalogue/catalogs/series/product/domotics/green-wall-range-flush-mounting-system-for-plasterboard-walls/GW40402
GW40404,https://www.gewiss.com//ww/en/products/experience-catalogue/catalogs/series/product/domotics/green-wall-range-flush-mounting-system-for-plasterboard-walls/GW40404
GW40601,https://www.gewiss.com//ww/en/products/experience-catalogue/catalogs/series/product/domotics/40-cdi-range-flush-mounting-distribution-boards-and-enclosures/GW40601
GW40602,https://www.gewiss.com//ww/en/products/experience-catalogue/catalogs/series/product/domotics/40-cdi-range-flush-mounting-distribution-boards-and-enclosures/GW40602
GW40603,https://www.gewiss.com//ww/en/products/experience-catalogue/catalogs/series/product/domotics/40-cdi-range-flush-mounting-distribution-boards-and-enclosures/GW40603
GW40604,https://www.gewiss.com//ww/en/products/experience-catalogue/catalogs/series/product/domotics/40-cdi-range-flush-mounting-distribution-boards-and-enclosures/GW40604BS
GW40605,https://www.gewiss.com//ww/en/products/experience-catalogue/catalogs/series/product/domotics/40-cdi-range-flush-mounting-distribution-boards-and-enclosures/GW40605BS
GW40608,https://www.gewiss.com//ww/en/products/experience-catalogue/catalogs/series/product/domotics/40-cdi-range-flush-mounting-distribution-boards-and-enclosures/GW40608BS
DX30110,
DX30112,https://www.gewiss.com//ww/en/products/experience-catalogue/catalogs/series/product/building/df-range-flexible-protective-conduit-systems/DX30112
DX30114,https://www.gewiss.com//ww/en/products/experience-catalogue/catalogs/series/product/building/df-range-flexible-protective-conduit-systems/DX30114
DX30116,https://www.gewiss.com//ww/en/products/experience-catalogue/catalogs/series/product/building/df-range-flexible-protective-conduit-systems/DX30116
DX30120,https://www.gewiss.com//ww/en/products/experience-catalogue/catalogs/series/product/building/df-range-flexible-protective-conduit-systems/DX30120
DX30122,https://www.gewiss.com//ww/en/products/experience-catalogue/catalogs/series/product/building/df-range-flexible-protective-conduit-systems/DX30122
DX30125,https://www.gewiss.com//ww/en/products/experience-catalogue/catalogs/series/product/building/df-range-flexible-protective-conduit-systems/DX30125
DX30128,https://www.gewiss.com//ww/en/products/experience-catalogue/catalogs/series/product/building/df-range-flexible-protective-conduit-systems/DX30128
DX30132,https://www.gewiss.com//ww/en/products/experience-catalogue/catalogs/series/product/building/df-range-flexible-protective-conduit-systems/DX30132
DX30135,https://www.gewiss.com//ww/en/products/experience-catalogue/catalogs/series/product/building/df-range-flexible-protective-conduit-systems/DX30135
DX30140,https://www.gewiss.com//ww/en/products/experience-catalogue/catalogs/series/product/building/df-range-flexible-protective-conduit-systems/DX30140
DX30150,https://www.gewiss.com//ww/en/products/experience-catalogue/catalogs/series/product/building/df-range-flexible-protective-conduit-systems/DX30150
DX30160,https://www.gewiss.com//ww/en/products/experience-catalogue/catalogs/series/product/building/df-range-flexible-protective-conduit-systems/DX30160
DX54110,https://www.gewiss.com//ww/en/products/experience-catalogue/catalogs/series/product/building/df-range-flexible-protective-conduit-systems/DX54110
DX54112,https://www.gewiss.com//ww/en/products/experience-catalogue/catalogs/series/product/building/df-range-flexible-protective-conduit-systems/DX54112
DX54116,https://www.gewiss.com//ww/en/products/experience-catalogue/catalogs/series/product/building/df-range-flexible-protective-conduit-systems/DX54116
DX54120,https://www.gewiss.com//ww/en/products/experience-catalogue/catalogs/series/product/building/df-range-flexible-protective-conduit-systems/DX54120
DX54122,https://www.gewiss.com//ww/en/products/experience-catalogue/catalogs/series/product/building/df-range-flexible-protective-conduit-systems/DX54122
DX54125,https://www.gewiss.com//ww/en/products/experience-catalogue/catalogs/series/product/building/df-range-flexible-protective-conduit-systems/DX54125
DX54128,https://www.gewiss.com//ww/en/products/experience-catalogue/catalogs/series/product/building/df-range-flexible-protective-conduit-systems/DX54128
DX54132,https://www.gewiss.com//ww/en/products/experience-catalogue/catalogs/series/product/building/df-range-flexible-protective-conduit-systems/DX54132
DX54140,https://www.gewiss.com//ww/en/products/experience-catalogue/catalogs/series/product/building/df-range-flexible-protective-conduit-systems/DX54140
DX54150,https://www.gewiss.com//ww/en/products/experience-catalogue/catalogs/series/product/building/df-range-flexible-protective-conduit-systems/DX54150
